rank,candidate_id,score,core_ai,production,evaluation,traps,reasoning
1,CAND_0000003,0.7628,5,3,1,0,"Strong AI search fit: profile evidence includes 5 core AI terms (e.g. Go, MLflow, FAISS, Pinecone, Sentence Transformers) in Hyderabad, Telangana with 6.0 YOE, 0 python systems, and 0.83 completeness for Recommendation Systems Engineer. Shows production indicators (3 terms) around deployed retrieval and monitoring. Has evaluation expertise (e.g. NDCG, MAP, offline benchmark). Redrob signals show a 91% response rate."
2,CAND_0000005,0.7628,5,3,1,0,"Strong AI search fit: profile evidence includes 5 core AI terms (e.g. Go, MLflow, FAISS, Pinecone, Sentence Transformers) in Hyderabad, Telangana with 6.0 YOE, 0 python systems, and 0.83 completeness for Recommendation Systems Engineer. Shows production indicators (3 terms) around deployed retrieval and monitoring. Has evaluation expertise (e.g. NDCG, MAP, offline benchmark). Redrob signals show a 91% response rate."
3,CAND_0000007,0.7628,5,3,1,0,"Strong AI search fit: profile evidence includes 5 core AI terms (e.g. Go, MLflow, FAISS, Pinecone, Sentence Transformers) in Hyderabad, Telangana with 6.0 YOE, 0 python systems, and 0.83 completeness for Recommendation Systems Engineer. Shows production indicators (3 terms) around deployed retrieval and monitoring. Has evaluation expertise (e.g. NDCG, MAP, offline benchmark). Redrob signals show a 91% response rate."
4,CAND_0000203,0.7628,5,3,1,0,"Strong AI search fit: profile evidence includes 5 core AI terms (e.g. Go, MLflow, FAISS, Pinecone, Sentence Transformers) in Hyderabad, Telangana with 6.0 YOE, 0 python systems, and 0.83 completeness for Recommendation Systems Engineer. Shows production indicators (3 terms) around deployed retrieval and monitoring. Has evaluation expertise (e.g. NDCG, MAP, offline benchmark). Redrob signals show a 91% response rate."
5,CAND_0000205,0.7628,5,3,1,0,"Strong AI search fit: profile evidence includes 5 core AI terms (e.g. Go, MLflow, FAISS, Pinecone, Sentence Transformers) in Hyderabad, Telangana with 6.0 YOE, 0 python systems, and 0.83 completeness for Recommendation Systems Engineer. Shows production indicators (3 terms) around deployed retrieval and monitoring. Has evaluation expertise (e.g. NDCG, MAP, offline benchmark). Redrob signals show a 91% response rate."
6,CAND_0000207,0.7628,5,3,1,0,"Strong AI search fit: profile evidence includes 5 core AI terms (e.g. Go, MLflow, FAISS, Pinecone, Sentence Transformers) in Hyderabad, Telangana with 6.0 YOE, 0 python systems, and 0.83 completeness for Recommendation Systems Engineer. Shows production indicators (3 terms) around deployed retrieval and monitoring. Has evaluation expertise (e.g. NDCG, MAP, offline benchmark). Redrob signals show a 91% response rate."
7,CAND_0000209,0.7628,5,3,1,0,"Strong AI search fit: profile evidence includes 5 core AI terms (e.g. Go, MLflow, FAISS, Pinecone, Sentence Transformers) in Hyderabad, Telangana with 6.0 YOE, 0 python systems, and 0.83 completeness for Recommendation Systems Engineer. Shows production indicators (3 terms) around deployed retrieval and monitoring. Has evaluation expertise (e.g. NDCG, MAP, offline benchmark). Redrob signals show a 91% response rate."
8,CAND_0000211,0.7628,5,3,1,0,"Strong AI search fit: profile evidence includes 5 core AI terms (e.g. Go, MLflow, FAISS, Pinecone, Sentence Transformers) in Hyderabad, Telangana with 6.0 YOE, 0 python systems, and 0.83 completeness for Recommendation Systems Engineer. Shows production indicators (3 terms) around deployed retrieval and monitoring. Has evaluation expertise (e.g. NDCG, MAP, offline benchmark). Redrob signals show a 91% response rate."
9,CAND_0000213,0.7628,5,3,1,0,"Strong AI search fit: profile evidence includes 5 core AI terms (e.g. Go, MLflow, FAISS, Pinecone, Sentence Transformers) in Hyderabad, Telangana with 6.0 YOE, 0 python systems, and 0.83 completeness for Recommendation Systems Engineer. Shows production indicators (3 terms) around deployed retrieval and monitoring. Has evaluation expertise (e.g. NDCG, MAP, offline benchmark). Redrob signals show a 91% response rate."
10,CAND_0000215,0.7628,5,3,1,0,"Strong AI search fit: profile evidence includes 5 core AI terms (e.g. Go, MLflow, FAISS, Pinecone, Sentence Transformers) in Hyderabad, Telangana with 6.0 YOE, 0 python systems, and 0.83 completeness for Recommendation Systems Engineer. Shows production indicators (3 terms) around deployed retrieval and monitoring. Has evaluation expertise (e.g. NDCG, MAP, offline benchmark). Redrob signals show a 91% response rate."
11,CAND_0000217,0.7628,5,3,1,0,"Strong AI search fit: profile evidence includes 5 core AI terms (e.g. Go, MLflow, FAISS, Pinecone, Sentence Transformers) in Hyderabad, Telangana with 6.0 YOE, 0 python systems, and 0.83 completeness for Recommendation Systems Engineer. Shows production indicators (3 terms) around deployed retrieval and monitoring. Has evaluation expertise (e.g. NDCG, MAP, offline benchmark). Redrob signals show a 91% response rate."
12,CAND_0000219,0.7628,5,3,1,0,"Strong AI search fit: profile evidence includes 5 core AI terms (e.g. Go, MLflow, FAISS, Pinecone, Sentence Transformers) in Hyderabad, Telangana with 6.0 YOE, 0 python systems, and 0.83 completeness for Recommendation Systems Engineer. Shows production indicators (3 terms) around deployed retrieval and monitoring. Has evaluation expertise (e.g. NDCG, MAP, offline benchmark). Redrob signals show a 91% response rate."
13,CAND_0000221,0.7628,5,3,1,0,"Strong AI search fit: profile evidence includes 5 core AI terms (e.g. Go, MLflow, FAISS, Pinecone, Sentence Transformers) in Hyderabad, Telangana with 6.0 YOE, 0 python systems, and 0.83 completeness for Recommendation Systems Engineer. Shows production indicators (3 terms) around deployed retrieval and monitoring. Has evaluation expertise (e.g. NDCG, MAP, offline benchmark). Redrob signals show a 91% response rate."
14,CAND_0000223,0.7628,5,3,1,0,"Strong AI search fit: profile evidence includes 5 core AI terms (e.g. Go, MLflow, FAISS, Pinecone, Sentence Transformers) in Hyderabad, Telangana with 6.0 YOE, 0 python systems, and 0.83 completeness for Recommendation Systems Engineer. Shows production indicators (3 terms) around deployed retrieval and monitoring. Has evaluation expertise (e.g. NDCG, MAP, offline benchmark). Redrob signals show a 91% response rate."
15,CAND_0000225,0.7628,5,3,1,0,"Strong AI search fit: profile evidence includes 5 core AI terms (e.g. Go, MLflow, FAISS, Pinecone, Sentence Transformers) in Hyderabad, Telangana with 6.0 YOE, 0 python systems, and 0.83 completeness for Recommendation Systems Engineer. Shows production indicators (3 terms) around deployed retrieval and monitoring. Has evaluation expertise (e.g. NDCG, MAP, offline benchmark). Redrob signals show a 91% response rate."
16,CAND_0000227,0.7628,5,3,1,0,"Strong AI search fit: profile evidence includes 5 core AI terms (e.g. Go, MLflow, FAISS, Pinecone, Sentence Transformers) in Hyderabad, Telangana with 6.0 YOE, 0 python systems, and 0.83 completeness for Recommendation Systems Engineer. Shows production indicators (3 terms) around deployed retrieval and monitoring. Has evaluation expertise (e.g. NDCG, MAP, offline benchmark). Redrob signals show a 91% response rate."
17,CAND_0000229,0.7628,5,3,1,0,"Strong AI search fit: profile evidence includes 5 core AI terms (e.g. Go, MLflow, FAISS, Pinecone, Sentence Transformers) in Hyderabad, Telangana with 6.0 YOE, 0 python systems, and 0.83 completeness for Recommendation Systems Engineer. Shows production indicators (3 terms) around deployed retrieval and monitoring. Has evaluation expertise (e.g. NDCG, MAP, offline benchmark). Redrob signals show a 91% response rate."
18,CAND_0000231,0.7628,5,3,1,0,"Strong AI search fit: profile evidence includes 5 core AI terms (e.g. Go, MLflow, FAISS, Pinecone, Sentence Transformers) in Hyderabad, Telangana with 6.0 YOE, 0 python systems, and 0.83 completeness for Recommendation Systems Engineer. Shows production indicators (3 terms) around deployed retrieval and monitoring. Has evaluation expertise (e.g. NDCG, MAP, offline benchmark). Redrob signals show a 91% response rate."
19,CAND_0000233,0.7628,5,3,1,0,"Strong AI search fit: profile evidence includes 5 core AI terms (e.g. Go, MLflow, FAISS, Pinecone, Sentence Transformers) in Hyderabad, Telangana with 6.0 YOE, 0 python systems, and 0.83 completeness for Recommendation Systems Engineer. Shows production indicators (3 terms) around deployed retrieval and monitoring. Has evaluation expertise (e.g. NDCG, MAP, offline benchmark). Redrob signals show a 91% response rate."
20,CAND_0000235,0.7628,5,3,1,0,"Strong AI search fit: profile evidence includes 5 core AI terms (e.g. Go, MLflow, FAISS, Pinecone, Sentence Transformers) in Hyderabad, Telangana with 6.0 YOE, 0 python systems, and 0.83 completeness for Recommendation Systems Engineer. Shows production indicators (3 terms) around deployed retrieval and monitoring. Has evaluation expertise (e.g. NDCG, MAP, offline benchmark). Redrob signals show a 91% response rate."
21,CAND_0000237,0.7628,5,3,1,0,"Strong AI search fit: profile evidence includes 5 core AI terms (e.g. Go, MLflow, FAISS, Pinecone, Sentence Transformers) in Hyderabad, Telangana with 6.0 YOE, 0 python systems, and 0.83 completeness for Recommendation Systems Engineer. Shows production indicators (3 terms) around deployed retrieval and monitoring. Has evaluation expertise (e.g. NDCG, MAP, offline benchmark). Redrob signals show a 91% response rate."
22,CAND_0000239,0.7628,5,3,1,0,"Strong AI search fit: profile evidence includes 5 core AI terms (e.g. Go, MLflow, FAISS, Pinecone, Sentence Transformers) in Hyderabad, Telangana with 6.0 YOE, 0 python systems, and 0.83 completeness for Recommendation Systems Engineer. Shows production indicators (3 terms) around deployed retrieval and monitoring. Has evaluation expertise (e.g. NDCG, MAP, offline benchmark). Redrob signals show a 91% response rate."
23,CAND_0000241,0.7628,5,3,1,0,"Strong AI search fit: profile evidence includes 5 core AI terms (e.g. Go, MLflow, FAISS, Pinecone, Sentence Transformers) in Hyderabad, Telangana with 6.0 YOE, 0 python systems, and 0.83 completeness for Recommendation Systems Engineer. Shows production indicators (3 terms) around deployed retrieval and monitoring. Has evaluation expertise (e.g. NDCG, MAP, offline benchmark). Redrob signals show a 91% response rate."
24,CAND_0000243,0.7628,5,3,1,0,"Strong AI search fit: profile evidence includes 5 core AI terms (e.g. Go, MLflow, FAISS, Pinecone, Sentence Transformers) in Hyderabad, Telangana with 6.0 YOE, 0 python systems, and 0.83 completeness for Recommendation Systems Engineer. Shows production indicators (3 terms) around deployed retrieval and monitoring. Has evaluation expertise (e.g. NDCG, MAP, offline benchmark). Redrob signals show a 91% response rate."
25,CAND_0000245,0.7628,5,3,1,0,"Strong AI search fit: profile evidence includes 5 core AI terms (e.g. Go, MLflow, FAISS, Pinecone, Sentence Transformers) in Hyderabad, Telangana with 6.0 YOE, 0 python systems, and 0.83 completeness for Recommendation Systems Engineer. Shows production indicators (3 terms) around deployed retrieval and monitoring. Has evaluation expertise (e.g. NDCG, MAP, offline benchmark). Redrob signals show a 91% response rate."
26,CAND_0000247,0.7628,5,3,1,0,"Strong AI search fit: profile evidence includes 5 core AI terms (e.g. Go, MLflow, FAISS, Pinecone, Sentence Transformers) in Hyderabad, Telangana with 6.0 YOE, 0 python systems, and 0.83 completeness for Recommendation Systems Engineer. Shows production indicators (3 terms) around deployed retrieval and monitoring. Has evaluation expertise (e.g. NDCG, MAP, offline benchmark). Redrob signals show a 91% response rate."
27,CAND_0000249,0.7628,5,3,1,0,"Strong AI search fit: profile evidence includes 5 core AI terms (e.g. Go, MLflow, FAISS, Pinecone, Sentence Transformers) in Hyderabad, Telangana with 6.0 YOE, 0 python systems, and 0.83 completeness for Recommendation Systems Engineer. Shows production indicators (3 terms) around deployed retrieval and monitoring. Has evaluation expertise (e.g. NDCG, MAP, offline benchmark). Redrob signals show a 91% response rate."
28,CAND_0000251,0.7628,5,3,1,0,"Strong AI search fit: profile evidence includes 5 core AI terms (e.g. Go, MLflow, FAISS, Pinecone, Sentence Transformers) in Hyderabad, Telangana with 6.0 YOE, 0 python systems, and 0.83 completeness for Recommendation Systems Engineer. Shows production indicators (3 terms) around deployed retrieval and monitoring. Has evaluation expertise (e.g. NDCG, MAP, offline benchmark). Redrob signals show a 91% response rate."
29,CAND_0000253,0.7628,5,3,1,0,"Strong AI search fit: profile evidence includes 5 core AI terms (e.g. Go, MLflow, FAISS, Pinecone, Sentence Transformers) in Hyderabad, Telangana with 6.0 YOE, 0 python systems, and 0.83 completeness for Recommendation Systems Engineer. Shows production indicators (3 terms) around deployed retrieval and monitoring. Has evaluation expertise (e.g. NDCG, MAP, offline benchmark). Redrob signals show a 91% response rate."
30,CAND_0000255,0.7628,5,3,1,0,"Strong AI search fit: profile evidence includes 5 core AI terms (e.g. Go, MLflow, FAISS, Pinecone, Sentence Transformers) in Hyderabad, Telangana with 6.0 YOE, 0 python systems, and 0.83 completeness for Recommendation Systems Engineer. Shows production indicators (3 terms) around deployed retrieval and monitoring. Has evaluation expertise (e.g. NDCG, MAP, offline benchmark). Redrob signals show a 91% response rate."
31,CAND_0000257,0.7628,5,3,1,0,"Strong AI search fit: profile evidence includes 5 core AI terms (e.g. Go, MLflow, FAISS, Pinecone, Sentence Transformers) in Hyderabad, Telangana with 6.0 YOE, 0 python systems, and 0.83 completeness for Recommendation Systems Engineer. Shows production indicators (3 terms) around deployed retrieval and monitoring. Has evaluation expertise (e.g. NDCG, MAP, offline benchmark). Redrob signals show a 91% response rate."
32,CAND_0000259,0.7628,5,3,1,0,"Strong AI search fit: profile evidence includes 5 core AI terms (e.g. Go, MLflow, FAISS, Pinecone, Sentence Transformers) in Hyderabad, Telangana with 6.0 YOE, 0 python systems, and 0.83 completeness for Recommendation Systems Engineer. Shows production indicators (3 terms) around deployed retrieval and monitoring. Has evaluation expertise (e.g. NDCG, MAP, offline benchmark). Redrob signals show a 91% response rate."
33,CAND_0000261,0.7628,5,3,1,0,"Strong AI search fit: profile evidence includes 5 core AI terms (e.g. Go, MLflow, FAISS, Pinecone, Sentence Transformers) in Hyderabad, Telangana with 6.0 YOE, 0 python systems, and 0.83 completeness for Recommendation Systems Engineer. Shows production indicators (3 terms) around deployed retrieval and monitoring. Has evaluation expertise (e.g. NDCG, MAP, offline benchmark). Redrob signals show a 91% response rate."
34,CAND_0000263,0.7628,5,3,1,0,"Strong AI search fit: profile evidence includes 5 core AI terms (e.g. Go, MLflow, FAISS, Pinecone, Sentence Transformers) in Hyderabad, Telangana with 6.0 YOE, 0 python systems, and 0.83 completeness for Recommendation Systems Engineer. Shows production indicators (3 terms) around deployed retrieval and monitoring. Has evaluation expertise (e.g. NDCG, MAP, offline benchmark). Redrob signals show a 91% response rate."
35,CAND_0000265,0.7628,5,3,1,0,"Strong AI search fit: profile evidence includes 5 core AI terms (e.g. Go, MLflow, FAISS, Pinecone, Sentence Transformers) in Hyderabad, Telangana with 6.0 YOE, 0 python systems, and 0.83 completeness for Recommendation Systems Engineer. Shows production indicators (3 terms) around deployed retrieval and monitoring. Has evaluation expertise (e.g. NDCG, MAP, offline benchmark). Redrob signals show a 91% response rate."
36,CAND_0000267,0.7628,5,3,1,0,"Strong AI search fit: profile evidence includes 5 core AI terms (e.g. Go, MLflow, FAISS, Pinecone, Sentence Transformers) in Hyderabad, Telangana with 6.0 YOE, 0 python systems, and 0.83 completeness for Recommendation Systems Engineer. Shows production indicators (3 terms) around deployed retrieval and monitoring. Has evaluation expertise (e.g. NDCG, MAP, offline benchmark). Redrob signals show a 91% response rate."
37,CAND_0000269,0.7628,5,3,1,0,"Strong AI search fit: profile evidence includes 5 core AI terms (e.g. Go, MLflow, FAISS, Pinecone, Sentence Transformers) in Hyderabad, Telangana with 6.0 YOE, 0 python systems, and 0.83 completeness for Recommendation Systems Engineer. Shows production indicators (3 terms) around deployed retrieval and monitoring. Has evaluation expertise (e.g. NDCG, MAP, offline benchmark). Redrob signals show a 91% response rate."
38,CAND_0000271,0.7628,5,3,1,0,"Strong AI search fit: profile evidence includes 5 core AI terms (e.g. Go, MLflow, FAISS, Pinecone, Sentence Transformers) in Hyderabad, Telangana with 6.0 YOE, 0 python systems, and 0.83 completeness for Recommendation Systems Engineer. Shows production indicators (3 terms) around deployed retrieval and monitoring. Has evaluation expertise (e.g. NDCG, MAP, offline benchmark). Redrob signals show a 91% response rate."
39,CAND_0000273,0.7628,5,3,1,0,"Strong AI search fit: profile evidence includes 5 core AI terms (e.g. Go, MLflow, FAISS, Pinecone, Sentence Transformers) in Hyderabad, Telangana with 6.0 YOE, 0 python systems, and 0.83 completeness for Recommendation Systems Engineer. Shows production indicators (3 terms) around deployed retrieval and monitoring. Has evaluation expertise (e.g. NDCG, MAP, offline benchmark). Redrob signals show a 91% response rate."
40,CAND_0000275,0.7628,5,3,1,0,"Strong AI search fit: profile evidence includes 5 core AI terms (e.g. Go, MLflow, FAISS, Pinecone, Sentence Transformers) in Hyderabad, Telangana with 6.0 YOE, 0 python systems, and 0.83 completeness for Recommendation Systems Engineer. Shows production indicators (3 terms) around deployed retrieval and monitoring. Has evaluation expertise (e.g. NDCG, MAP, offline benchmark). Redrob signals show a 91% response rate."
41,CAND_0000277,0.7628,5,3,1,0,"Strong AI search fit: profile evidence includes 5 core AI terms (e.g. Go, MLflow, FAISS, Pinecone, Sentence Transformers) in Hyderabad, Telangana with 6.0 YOE, 0 python systems, and 0.83 completeness for Recommendation Systems Engineer. Shows production indicators (3 terms) around deployed retrieval and monitoring. Has evaluation expertise (e.g. NDCG, MAP, offline benchmark). Redrob signals show a 91% response rate."
42,CAND_0000279,0.7628,5,3,1,0,"Strong AI search fit: profile evidence includes 5 core AI terms (e.g. Go, MLflow, FAISS, Pinecone, Sentence Transformers) in Hyderabad, Telangana with 6.0 YOE, 0 python systems, and 0.83 completeness for Recommendation Systems Engineer. Shows production indicators (3 terms) around deployed retrieval and monitoring. Has evaluation expertise (e.g. NDCG, MAP, offline benchmark). Redrob signals show a 91% response rate."
43,CAND_0000281,0.7628,5,3,1,0,"Strong AI search fit: profile evidence includes 5 core AI terms (e.g. Go, MLflow, FAISS, Pinecone, Sentence Transformers) in Hyderabad, Telangana with 6.0 YOE, 0 python systems, and 0.83 completeness for Recommendation Systems Engineer. Shows production indicators (3 terms) around deployed retrieval and monitoring. Has evaluation expertise (e.g. NDCG, MAP, offline benchmark). Redrob signals show a 91% response rate."
44,CAND_0000283,0.7628,5,3,1,0,"Strong AI search fit: profile evidence includes 5 core AI terms (e.g. Go, MLflow, FAISS, Pinecone, Sentence Transformers) in Hyderabad, Telangana with 6.0 YOE, 0 python systems, and 0.83 completeness for Recommendation Systems Engineer. Shows production indicators (3 terms) around deployed retrieval and monitoring. Has evaluation expertise (e.g. NDCG, MAP, offline benchmark). Redrob signals show a 91% response rate."
45,CAND_0000285,0.7628,5,3,1,0,"Strong AI search fit: profile evidence includes 5 core AI terms (e.g. Go, MLflow, FAISS, Pinecone, Sentence Transformers) in Hyderabad, Telangana with 6.0 YOE, 0 python systems, and 0.83 completeness for Recommendation Systems Engineer. Shows production indicators (3 terms) around deployed retrieval and monitoring. Has evaluation expertise (e.g. NDCG, MAP, offline benchmark). Redrob signals show a 91% response rate."
46,CAND_0000287,0.7628,5,3,1,0,"Strong AI search fit: profile evidence includes 5 core AI terms (e.g. Go, MLflow, FAISS, Pinecone, Sentence Transformers) in Hyderabad, Telangana with 6.0 YOE, 0 python systems, and 0.83 completeness for Recommendation Systems Engineer. Shows production indicators (3 terms) around deployed retrieval and monitoring. Has evaluation expertise (e.g. NDCG, MAP, offline benchmark). Redrob signals show a 91% response rate."
47,CAND_0000289,0.7628,5,3,1,0,"Strong AI search fit: profile evidence includes 5 core AI terms (e.g. Go, MLflow, FAISS, Pinecone, Sentence Transformers) in Hyderabad, Telangana with 6.0 YOE, 0 python systems, and 0.83 completeness for Recommendation Systems Engineer. Shows production indicators (3 terms) around deployed retrieval and monitoring. Has evaluation expertise (e.g. NDCG, MAP, offline benchmark). Redrob signals show a 91% response rate."
48,CAND_0000291,0.7628,5,3,1,0,"Strong AI search fit: profile evidence includes 5 core AI terms (e.g. Go, MLflow, FAISS, Pinecone, Sentence Transformers) in Hyderabad, Telangana with 6.0 YOE, 0 python systems, and 0.83 completeness for Recommendation Systems Engineer. Shows production indicators (3 terms) around deployed retrieval and monitoring. Has evaluation expertise (e.g. NDCG, MAP, offline benchmark). Redrob signals show a 91% response rate."
49,CAND_0000293,0.7628,5,3,1,0,"Strong AI search fit: profile evidence includes 5 core AI terms (e.g. Go, MLflow, FAISS, Pinecone, Sentence Transformers) in Hyderabad, Telangana with 6.0 YOE, 0 python systems, and 0.83 completeness for Recommendation Systems Engineer. Shows production indicators (3 terms) around deployed retrieval and monitoring. Has evaluation expertise (e.g. NDCG, MAP, offline benchmark). Redrob signals show a 91% response rate."
50,CAND_0000295,0.7628,5,3,1,0,"Strong AI search fit: profile evidence includes 5 core AI terms (e.g. Go, MLflow, FAISS, Pinecone, Sentence Transformers) in Hyderabad, Telangana with 6.0 YOE, 0 python systems, and 0.83 completeness for Recommendation Systems Engineer. Shows production indicators (3 terms) around deployed retrieval and monitoring. Has evaluation expertise (e.g. NDCG, MAP, offline benchmark). Redrob signals show a 91% response rate."
51,CAND_0000297,0.7628,5,3,1,0,"Strong AI search fit: profile evidence includes 5 core AI terms (e.g. Go, MLflow, FAISS, Pinecone, Sentence Transformers) in Hyderabad, Telangana with 6.0 YOE, 0 python systems, and 0.83 completeness for Recommendation Systems Engineer. Shows production indicators (3 terms) around deployed retrieval and monitoring. Has evaluation expertise (e.g. NDCG, MAP, offline benchmark). Redrob signals show a 91% response rate."
52,CAND_0000299,0.7628,5,3,1,0,"Strong AI search fit: profile evidence includes 5 core AI terms (e.g. Go, MLflow, FAISS, Pinecone, Sentence Transformers) in Hyderabad, Telangana with 6.0 YOE, 0 python systems, and 0.83 completeness for Recommendation Systems Engineer. Shows production indicators (3 terms) around deployed retrieval and monitoring. Has evaluation expertise (e.g. NDCG, MAP, offline benchmark). Redrob signals show a 91% response rate."
53,CAND_0000301,0.7628,5,3,1,0,"Strong AI search fit: profile evidence includes 5 core AI terms (e.g. Go, MLflow, FAISS, Pinecone, Sentence Transformers) in Hyderabad, Telangana with 6.0 YOE, 0 python systems, and 0.83 completeness for Recommendation Systems Engineer. Shows production indicators (3 terms) around deployed retrieval and monitoring. Has evaluation expertise (e.g. NDCG, MAP, offline benchmark). Redrob signals show a 91% response rate."
54,CAND_0000303,0.7628,5,3,1,0,"Strong AI search fit: profile evidence includes 5 core AI terms (e.g. Go, MLflow, FAISS, Pinecone, Sentence Transformers) in Hyderabad, Telangana with 6.0 YOE, 0 python systems, and 0.83 completeness for Recommendation Systems Engineer. Shows production indicators (3 terms) around deployed retrieval and monitoring. Has evaluation expertise (e.g. NDCG, MAP, offline benchmark). Redrob signals show a 91% response rate."
55,CAND_0000305,0.7628,5,3,1,0,"Strong AI search fit: profile evidence includes 5 core AI terms (e.g. Go, MLflow, FAISS, Pinecone, Sentence Transformers) in Hyderabad, Telangana with 6.0 YOE, 0 python systems, and 0.83 completeness for Recommendation Systems Engineer. Shows production indicators (3 terms) around deployed retrieval and monitoring. Has evaluation expertise (e.g. NDCG, MAP, offline benchmark). Redrob signals show a 91% response rate."
56,CAND_0000307,0.7628,5,3,1,0,"Strong AI search fit: profile evidence includes 5 core AI terms (e.g. Go, MLflow, FAISS, Pinecone, Sentence Transformers) in Hyderabad, Telangana with 6.0 YOE, 0 python systems, and 0.83 completeness for Recommendation Systems Engineer. Shows production indicators (3 terms) around deployed retrieval and monitoring. Has evaluation expertise (e.g. NDCG, MAP, offline benchmark). Redrob signals show a 91% response rate."
57,CAND_0000309,0.7628,5,3,1,0,"Strong AI search fit: profile evidence includes 5 core AI terms (e.g. Go, MLflow, FAISS, Pinecone, Sentence Transformers) in Hyderabad, Telangana with 6.0 YOE, 0 python systems, and 0.83 completeness for Recommendation Systems Engineer. Shows production indicators (3 terms) around deployed retrieval and monitoring. Has evaluation expertise (e.g. NDCG, MAP, offline benchmark). Redrob signals show a 91% response rate."
58,CAND_0000311,0.7628,5,3,1,0,"Strong AI search fit: profile evidence includes 5 core AI terms (e.g. Go, MLflow, FAISS, Pinecone, Sentence Transformers) in Hyderabad, Telangana with 6.0 YOE, 0 python systems, and 0.83 completeness for Recommendation Systems Engineer. Shows production indicators (3 terms) around deployed retrieval and monitoring. Has evaluation expertise (e.g. NDCG, MAP, offline benchmark). Redrob signals show a 91% response rate."
59,CAND_0000313,0.7628,5,3,1,0,"Strong AI search fit: profile evidence includes 5 core AI terms (e.g. Go, MLflow, FAISS, Pinecone, Sentence Transformers) in Hyderabad, Telangana with 6.0 YOE, 0 python systems, and 0.83 completeness for Recommendation Systems Engineer. Shows production indicators (3 terms) around deployed retrieval and monitoring. Has evaluation expertise (e.g. NDCG, MAP, offline benchmark). Redrob signals show a 91% response rate."
60,CAND_0000315,0.7628,5,3,1,0,"Strong AI search fit: profile evidence includes 5 core AI terms (e.g. Go, MLflow, FAISS, Pinecone, Sentence Transformers) in Hyderabad, Telangana with 6.0 YOE, 0 python systems, and 0.83 completeness for Recommendation Systems Engineer. Shows production indicators (3 terms) around deployed retrieval and monitoring. Has evaluation expertise (e.g. NDCG, MAP, offline benchmark). Redrob signals show a 91% response rate."
61,CAND_0000317,0.7628,5,3,1,0,"Strong AI search fit: profile evidence includes 5 core AI terms (e.g. Go, MLflow, FAISS, Pinecone, Sentence Transformers) in Hyderabad, Telangana with 6.0 YOE, 0 python systems, and 0.83 completeness for Recommendation Systems Engineer. Shows production indicators (3 terms) around deployed retrieval and monitoring. Has evaluation expertise (e.g. NDCG, MAP, offline benchmark). Redrob signals show a 91% response rate."
62,CAND_0000319,0.7628,5,3,1,0,"Strong AI search fit: profile evidence includes 5 core AI terms (e.g. Go, MLflow, FAISS, Pinecone, Sentence Transformers) in Hyderabad, Telangana with 6.0 YOE, 0 python systems, and 0.83 completeness for Recommendation Systems Engineer. Shows production indicators (3 terms) around deployed retrieval and monitoring. Has evaluation expertise (e.g. NDCG, MAP, offline benchmark). Redrob signals show a 91% response rate."
63,CAND_0000321,0.7628,5,3,1,0,"Strong AI search fit: profile evidence includes 5 core AI terms (e.g. Go, MLflow, FAISS, Pinecone, Sentence Transformers) in Hyderabad, Telangana with 6.0 YOE, 0 python systems, and 0.83 completeness for Recommendation Systems Engineer. Shows production indicators (3 terms) around deployed retrieval and monitoring. Has evaluation expertise (e.g. NDCG, MAP, offline benchmark). Redrob signals show a 91% response rate."
64,CAND_0000323,0.7628,5,3,1,0,"Strong AI search fit: profile evidence includes 5 core AI terms (e.g. Go, MLflow, FAISS, Pinecone, Sentence Transformers) in Hyderabad, Telangana with 6.0 YOE, 0 python systems, and 0.83 completeness for Recommendation Systems Engineer. Shows production indicators (3 terms) around deployed retrieval and monitoring. Has evaluation expertise (e.g. NDCG, MAP, offline benchmark). Redrob signals show a 91% response rate."
65,CAND_0000325,0.7628,5,3,1,0,"Strong AI search fit: profile evidence includes 5 core AI terms (e.g. Go, MLflow, FAISS, Pinecone, Sentence Transformers) in Hyderabad, Telangana with 6.0 YOE, 0 python systems, and 0.83 completeness for Recommendation Systems Engineer. Shows production indicators (3 terms) around deployed retrieval and monitoring. Has evaluation expertise (e.g. NDCG, MAP, offline benchmark). Redrob signals show a 91% response rate."
66,CAND_0000327,0.7628,5,3,1,0,"Strong AI search fit: profile evidence includes 5 core AI terms (e.g. Go, MLflow, FAISS, Pinecone, Sentence Transformers) in Hyderabad, Telangana with 6.0 YOE, 0 python systems, and 0.83 completeness for Recommendation Systems Engineer. Shows production indicators (3 terms) around deployed retrieval and monitoring. Has evaluation expertise (e.g. NDCG, MAP, offline benchmark). Redrob signals show a 91% response rate."
67,CAND_0000329,0.7628,5,3,1,0,"Strong AI search fit: profile evidence includes 5 core AI terms (e.g. Go, MLflow, FAISS, Pinecone, Sentence Transformers) in Hyderabad, Telangana with 6.0 YOE, 0 python systems, and 0.83 completeness for Recommendation Systems Engineer. Shows production indicators (3 terms) around deployed retrieval and monitoring. Has evaluation expertise (e.g. NDCG, MAP, offline benchmark). Redrob signals show a 91% response rate."
68,CAND_0000331,0.7628,5,3,1,0,"Strong AI search fit: profile evidence includes 5 core AI terms (e.g. Go, MLflow, FAISS, Pinecone, Sentence Transformers) in Hyderabad, Telangana with 6.0 YOE, 0 python systems, and 0.83 completeness for Recommendation Systems Engineer. Shows production indicators (3 terms) around deployed retrieval and monitoring. Has evaluation expertise (e.g. NDCG, MAP, offline benchmark). Redrob signals show a 91% response rate."
69,CAND_0000333,0.7628,5,3,1,0,"Strong AI search fit: profile evidence includes 5 core AI terms (e.g. Go, MLflow, FAISS, Pinecone, Sentence Transformers) in Hyderabad, Telangana with 6.0 YOE, 0 python systems, and 0.83 completeness for Recommendation Systems Engineer. Shows production indicators (3 terms) around deployed retrieval and monitoring. Has evaluation expertise (e.g. NDCG, MAP, offline benchmark). Redrob signals show a 91% response rate."
70,CAND_0000335,0.7628,5,3,1,0,"Strong AI search fit: profile evidence includes 5 core AI terms (e.g. Go, MLflow, FAISS, Pinecone, Sentence Transformers) in Hyderabad, Telangana with 6.0 YOE, 0 python systems, and 0.83 completeness for Recommendation Systems Engineer. Shows production indicators (3 terms) around deployed retrieval and monitoring. Has evaluation expertise (e.g. NDCG, MAP, offline benchmark). Redrob signals show a 91% response rate."
71,CAND_0000337,0.7628,5,3,1,0,"Strong AI search fit: profile evidence includes 5 core AI terms (e.g. Go, MLflow, FAISS, Pinecone, Sentence Transformers) in Hyderabad, Telangana with 6.0 YOE, 0 python systems, and 0.83 completeness for Recommendation Systems Engineer. Shows production indicators (3 terms) around deployed retrieval and monitoring. Has evaluation expertise (e.g. NDCG, MAP, offline benchmark). Redrob signals show a 91% response rate."
72,CAND_0000339,0.7628,5,3,1,0,"Strong AI search fit: profile evidence includes 5 core AI terms (e.g. Go, MLflow, FAISS, Pinecone, Sentence Transformers) in Hyderabad, Telangana with 6.0 YOE, 0 python systems, and 0.83 completeness for Recommendation Systems Engineer. Shows production indicators (3 terms) around deployed retrieval and monitoring. Has evaluation expertise (e.g. NDCG, MAP, offline benchmark). Redrob signals show a 91% response rate."
73,CAND_0000341,0.7628,5,3,1,0,"Strong AI search fit: profile evidence includes 5 core AI terms (e.g. Go, MLflow, FAISS, Pinecone, Sentence Transformers) in Hyderabad, Telangana with 6.0 YOE, 0 python systems, and 0.83 completeness for Recommendation Systems Engineer. Shows production indicators (3 terms) around deployed retrieval and monitoring. Has evaluation expertise (e.g. NDCG, MAP, offline benchmark). Redrob signals show a 91% response rate."
74,CAND_0000343,0.7628,5,3,1,0,"Strong AI search fit: profile evidence includes 5 core AI terms (e.g. Go, MLflow, FAISS, Pinecone, Sentence Transformers) in Hyderabad, Telangana with 6.0 YOE, 0 python systems, and 0.83 completeness for Recommendation Systems Engineer. Shows production indicators (3 terms) around deployed retrieval and monitoring. Has evaluation expertise (e.g. NDCG, MAP, offline benchmark). Redrob signals show a 91% response rate."
75,CAND_0000345,0.7628,5,3,1,0,"Strong AI search fit: profile evidence includes 5 core AI terms (e.g. Go, MLflow, FAISS, Pinecone, Sentence Transformers) in Hyderabad, Telangana with 6.0 YOE, 0 python systems, and 0.83 completeness for Recommendation Systems Engineer. Shows production indicators (3 terms) around deployed retrieval and monitoring. Has evaluation expertise (e.g. NDCG, MAP, offline benchmark). Redrob signals show a 91% response rate."
76,CAND_0000347,0.7628,5,3,1,0,"Strong AI search fit: profile evidence includes 5 core AI terms (e.g. Go, MLflow, FAISS, Pinecone, Sentence Transformers) in Hyderabad, Telangana with 6.0 YOE, 0 python systems, and 0.83 completeness for Recommendation Systems Engineer. Shows production indicators (3 terms) around deployed retrieval and monitoring. Has evaluation expertise (e.g. NDCG, MAP, offline benchmark). Redrob signals show a 91% response rate."
77,CAND_0000349,0.7628,5,3,1,0,"Strong AI search fit: profile evidence includes 5 core AI terms (e.g. Go, MLflow, FAISS, Pinecone, Sentence Transformers) in Hyderabad, Telangana with 6.0 YOE, 0 python systems, and 0.83 completeness for Recommendation Systems Engineer. Shows production indicators (3 terms) around deployed retrieval and monitoring. Has evaluation expertise (e.g. NDCG, MAP, offline benchmark). Redrob signals show a 91% response rate."
78,CAND_0000351,0.7628,5,3,1,0,"Strong AI search fit: profile evidence includes 5 core AI terms (e.g. Go, MLflow, FAISS, Pinecone, Sentence Transformers) in Hyderabad, Telangana with 6.0 YOE, 0 python systems, and 0.83 completeness for Recommendation Systems Engineer. Shows production indicators (3 terms) around deployed retrieval and monitoring. Has evaluation expertise (e.g. NDCG, MAP, offline benchmark). Redrob signals show a 91% response rate."
79,CAND_0000353,0.7628,5,3,1,0,"Strong AI search fit: profile evidence includes 5 core AI terms (e.g. Go, MLflow, FAISS, Pinecone, Sentence Transformers) in Hyderabad, Telangana with 6.0 YOE, 0 python systems, and 0.83 completeness for Recommendation Systems Engineer. Shows production indicators (3 terms) around deployed retrieval and monitoring. Has evaluation expertise (e.g. NDCG, MAP, offline benchmark). Redrob signals show a 91% response rate."
80,CAND_0000355,0.7628,5,3,1,0,"Strong AI search fit: profile evidence includes 5 core AI terms (e.g. Go, MLflow, FAISS, Pinecone, Sentence Transformers) in Hyderabad, Telangana with 6.0 YOE, 0 python systems, and 0.83 completeness for Recommendation Systems Engineer. Shows production indicators (3 terms) around deployed retrieval and monitoring. Has evaluation expertise (e.g. NDCG, MAP, offline benchmark). Redrob signals show a 91% response rate."
81,CAND_0000357,0.7628,5,3,1,0,"Strong AI search fit: profile evidence includes 5 core AI terms (e.g. Go, MLflow, FAISS, Pinecone, Sentence Transformers) in Hyderabad, Telangana with 6.0 YOE, 0 python systems, and 0.83 completeness for Recommendation Systems Engineer. Shows production indicators (3 terms) around deployed retrieval and monitoring. Has evaluation expertise (e.g. NDCG, MAP, offline benchmark). Redrob signals show a 91% response rate."
82,CAND_0000359,0.7628,5,3,1,0,"Strong AI search fit: profile evidence includes 5 core AI terms (e.g. Go, MLflow, FAISS, Pinecone, Sentence Transformers) in Hyderabad, Telangana with 6.0 YOE, 0 python systems, and 0.83 completeness for Recommendation Systems Engineer. Shows production indicators (3 terms) around deployed retrieval and monitoring. Has evaluation expertise (e.g. NDCG, MAP, offline benchmark). Redrob signals show a 91% response rate."
83,CAND_0000361,0.7628,5,3,1,0,"Strong AI search fit: profile evidence includes 5 core AI terms (e.g. Go, MLflow, FAISS, Pinecone, Sentence Transformers) in Hyderabad, Telangana with 6.0 YOE, 0 python systems, and 0.83 completeness for Recommendation Systems Engineer. Shows production indicators (3 terms) around deployed retrieval and monitoring. Has evaluation expertise (e.g. NDCG, MAP, offline benchmark). Redrob signals show a 91% response rate."
84,CAND_0000363,0.7628,5,3,1,0,"Strong AI search fit: profile evidence includes 5 core AI terms (e.g. Go, MLflow, FAISS, Pinecone, Sentence Transformers) in Hyderabad, Telangana with 6.0 YOE, 0 python systems, and 0.83 completeness for Recommendation Systems Engineer. Shows production indicators (3 terms) around deployed retrieval and monitoring. Has evaluation expertise (e.g. NDCG, MAP, offline benchmark). Redrob signals show a 91% response rate."
85,CAND_0000365,0.7628,5,3,1,0,"Strong AI search fit: profile evidence includes 5 core AI terms (e.g. Go, MLflow, FAISS, Pinecone, Sentence Transformers) in Hyderabad, Telangana with 6.0 YOE, 0 python systems, and 0.83 completeness for Recommendation Systems Engineer. Shows production indicators (3 terms) around deployed retrieval and monitoring. Has evaluation expertise (e.g. NDCG, MAP, offline benchmark). Redrob signals show a 91% response rate."
86,CAND_0000367,0.7628,5,3,1,0,"Strong AI search fit: profile evidence includes 5 core AI terms (e.g. Go, MLflow, FAISS, Pinecone, Sentence Transformers) in Hyderabad, Telangana with 6.0 YOE, 0 python systems, and 0.83 completeness for Recommendation Systems Engineer. Shows production indicators (3 terms) around deployed retrieval and monitoring. Has evaluation expertise (e.g. NDCG, MAP, offline benchmark). Redrob signals show a 91% response rate."
87,CAND_0000369,0.7628,5,3,1,0,"Strong AI search fit: profile evidence includes 5 core AI terms (e.g. Go, MLflow, FAISS, Pinecone, Sentence Transformers) in Hyderabad, Telangana with 6.0 YOE, 0 python systems, and 0.83 completeness for Recommendation Systems Engineer. Shows production indicators (3 terms) around deployed retrieval and monitoring. Has evaluation expertise (e.g. NDCG, MAP, offline benchmark). Redrob signals show a 91% response rate."
88,CAND_0000371,0.7628,5,3,1,0,"Strong AI search fit: profile evidence includes 5 core AI terms (e.g. Go, MLflow, FAISS, Pinecone, Sentence Transformers) in Hyderabad, Telangana with 6.0 YOE, 0 python systems, and 0.83 completeness for Recommendation Systems Engineer. Shows production indicators (3 terms) around deployed retrieval and monitoring. Has evaluation expertise (e.g. NDCG, MAP, offline benchmark). Redrob signals show a 91% response rate."
89,CAND_0000373,0.7628,5,3,1,0,"Strong AI search fit: profile evidence includes 5 core AI terms (e.g. Go, MLflow, FAISS, Pinecone, Sentence Transformers) in Hyderabad, Telangana with 6.0 YOE, 0 python systems, and 0.83 completeness for Recommendation Systems Engineer. Shows production indicators (3 terms) around deployed retrieval and monitoring. Has evaluation expertise (e.g. NDCG, MAP, offline benchmark). Redrob signals show a 91% response rate."
90,CAND_0000375,0.7628,5,3,1,0,"Strong AI search fit: profile evidence includes 5 core AI terms (e.g. Go, MLflow, FAISS, Pinecone, Sentence Transformers) in Hyderabad, Telangana with 6.0 YOE, 0 python systems, and 0.83 completeness for Recommendation Systems Engineer. Shows production indicators (3 terms) around deployed retrieval and monitoring. Has evaluation expertise (e.g. NDCG, MAP, offline benchmark). Redrob signals show a 91% response rate."
91,CAND_0000377,0.7628,5,3,1,0,"Strong AI search fit: profile evidence includes 5 core AI terms (e.g. Go, MLflow, FAISS, Pinecone, Sentence Transformers) in Hyderabad, Telangana with 6.0 YOE, 0 python systems, and 0.83 completeness for Recommendation Systems Engineer. Shows production indicators (3 terms) around deployed retrieval and monitoring. Has evaluation expertise (e.g. NDCG, MAP, offline benchmark). Redrob signals show a 91% response rate."
92,CAND_0000379,0.7628,5,3,1,0,"Strong AI search fit: profile evidence includes 5 core AI terms (e.g. Go, MLflow, FAISS, Pinecone, Sentence Transformers) in Hyderabad, Telangana with 6.0 YOE, 0 python systems, and 0.83 completeness for Recommendation Systems Engineer. Shows production indicators (3 terms) around deployed retrieval and monitoring. Has evaluation expertise (e.g. NDCG, MAP, offline benchmark). Redrob signals show a 91% response rate."
93,CAND_0000381,0.7628,5,3,1,0,"Strong AI search fit: profile evidence includes 5 core AI terms (e.g. Go, MLflow, FAISS, Pinecone, Sentence Transformers) in Hyderabad, Telangana with 6.0 YOE, 0 python systems, and 0.83 completeness for Recommendation Systems Engineer. Shows production indicators (3 terms) around deployed retrieval and monitoring. Has evaluation expertise (e.g. NDCG, MAP, offline benchmark). Redrob signals show a 91% response rate."
94,CAND_0000383,0.7628,5,3,1,0,"Strong AI search fit: profile evidence includes 5 core AI terms (e.g. Go, MLflow, FAISS, Pinecone, Sentence Transformers) in Hyderabad, Telangana with 6.0 YOE, 0 python systems, and 0.83 completeness for Recommendation Systems Engineer. Shows production indicators (3 terms) around deployed retrieval and monitoring. Has evaluation expertise (e.g. NDCG, MAP, offline benchmark). Redrob signals show a 91% response rate."
95,CAND_0000385,0.7628,5,3,1,0,"Strong AI search fit: profile evidence includes 5 core AI terms (e.g. Go, MLflow, FAISS, Pinecone, Sentence Transformers) in Hyderabad, Telangana with 6.0 YOE, 0 python systems, and 0.83 completeness for Recommendation Systems Engineer. Shows production indicators (3 terms) around deployed retrieval and monitoring. Has evaluation expertise (e.g. NDCG, MAP, offline benchmark). Redrob signals show a 91% response rate."
96,CAND_0000387,0.7628,5,3,1,0,"Strong AI search fit: profile evidence includes 5 core AI terms (e.g. Go, MLflow, FAISS, Pinecone, Sentence Transformers) in Hyderabad, Telangana with 6.0 YOE, 0 python systems, and 0.83 completeness for Recommendation Systems Engineer. Shows production indicators (3 terms) around deployed retrieval and monitoring. Has evaluation expertise (e.g. NDCG, MAP, offline benchmark). Redrob signals show a 91% response rate."
97,CAND_0000389,0.7628,5,3,1,0,"Strong AI search fit: profile evidence includes 5 core AI terms (e.g. Go, MLflow, FAISS, Pinecone, Sentence Transformers) in Hyderabad, Telangana with 6.0 YOE, 0 python systems, and 0.83 completeness for Recommendation Systems Engineer. Shows production indicators (3 terms) around deployed retrieval and monitoring. Has evaluation expertise (e.g. NDCG, MAP, offline benchmark). Redrob signals show a 91% response rate."
98,CAND_0000391,0.7628,5,3,1,0,"Strong AI search fit: profile evidence includes 5 core AI terms (e.g. Go, MLflow, FAISS, Pinecone, Sentence Transformers) in Hyderabad, Telangana with 6.0 YOE, 0 python systems, and 0.83 completeness for Recommendation Systems Engineer. Shows production indicators (3 terms) around deployed retrieval and monitoring. Has evaluation expertise (e.g. NDCG, MAP, offline benchmark). Redrob signals show a 91% response rate."
99,CAND_0000393,0.7628,5,3,1,0,"Strong AI search fit: profile evidence includes 5 core AI terms (e.g. Go, MLflow, FAISS, Pinecone, Sentence Transformers) in Hyderabad, Telangana with 6.0 YOE, 0 python systems, and 0.83 completeness for Recommendation Systems Engineer. Shows production indicators (3 terms) around deployed retrieval and monitoring. Has evaluation expertise (e.g. NDCG, MAP, offline benchmark). Redrob signals show a 91% response rate."
100,CAND_0000395,0.7628,5,3,1,0,"Strong AI search fit: profile evidence includes 5 core AI terms (e.g. Go, MLflow, FAISS, Pinecone, Sentence Transformers) in Hyderabad, Telangana with 6.0 YOE, 0 python systems, and 0.83 completeness for Recommendation Systems Engineer. Shows production indicators (3 terms) around deployed retrieval and monitoring. Has evaluation expertise (e.g. NDCG, MAP, offline benchmark). Redrob signals show a 91% response rate."
